<?xml version="1.0" encoding="UTF-8"?>
<project-private xmlns="http://www.netbeans.org/ns/project-private/1">
    <editor-bookmarks xmlns="http://www.netbeans.org/ns/editor-bookmarks/2" lastBookmarkId="0"/>
    <open-files xmlns="http://www.netbeans.org/ns/projectui-open-files/2">
        <group>
            <file>file:/C:/xampp/htdocs/web_restaurant/public/images/user2-160x160.jpg</file>
            <file>file:/C:/xampp/htdocs/web_restaurant/DataAbstractionLayer/DB.php</file>
            <file>file:/C:/xampp/htdocs/web_restaurant/index.php</file>
            <file>file:/C:/xampp/htdocs/web_restaurant/public/images/logo.png</file>
            <file>file:/C:/xampp/htdocs/web_restaurant/public/images/user3-128x128.jpg</file>
            <file>file:/C:/xampp/htdocs/web_restaurant/public/images/restaurant.jpg</file>
            <file>file:/C:/xampp/htdocs/web_restaurant/public/images/user4-128x128.jpg</file>
        </group>
    </open-files>
</project-private>
